user,course,period,add,change,acad_year,.modules
id100,A,Y1P14,5,57,NA,0
id100,A,Y2P02,52,84,2020-2021,2
id100,A,Y2P05,51,64,2020-2021,2
id100,A,Y2P06,172,216,2020-2021,2
id100,A,Y2P07,71,78,NA,0
id100,A,Y2P11,65,147,2020-2021,2
id100,A,Y2P12,19,21,NA,0
id100,A,Y2P15,63,224,NA,0
id100,B,Y2P07,47,94,NA,0
id101,A,Y2P02,62,83,2020-2021,2
id101,A,Y2P03,54,96,2020-2021,2
id101,A,Y2P04,77,106,2020-2021,2
id101,A,Y2P05,201,276,2020-2021,2
id101,A,Y2P06,245,680,2020-2021,2
id101,A,Y2P10,56,163,2020-2021,3
id101,A,Y2P11,53,123,2020-2021,2
id101,A,Y2P12,7,65,NA,0
id101,A,Y2P13,11,141,2020-2021,2
id101,A,Y2P14,113,565,2020-2021,1
id102,A,Y2P02,53,61,2020-2021,2
id102,A,Y2P03,61,111,2020-2021,2
id102,A,Y2P04,65,87,2020-2021,2
id102,A,Y2P05,136,185,2020-2021,2
id102,A,Y2P06,100,234,2020-2021,2
id102,A,Y2P07,14,74,NA,0
id102,A,Y2P10,51,75,2020-2021,3
id102,A,Y2P12,17,29,NA,0
id102,A,Y2P13,17,32,2020-2021,2
id102,A,Y2P14,43,78,2020-2021,1
id103,A,Y2P02,40,53,2020-2021,2
id103,A,Y2P03,37,105,2020-2021,2
id103,A,Y2P04,75,94,2020-2021,2
id103,A,Y2P05,179,240,2020-2021,2
id103,A,Y2P06,101,284,2020-2021,2
id103,A,Y2P07,11,37,NA,0
id103,A,Y2P10,172,352,2020-2021,3
id103,A,Y2P11,46,73,2020-2021,2
id103,A,Y2P12,147,288,NA,0
id103,A,Y2P13,153,372,2020-2021,2
id103,A,Y2P14,141,327,2020-2021,1
id104,A,Y2P02,39,47,2020-2021,2
id104,A,Y2P03,92,211,2020-2021,2
id104,A,Y2P04,180,237,2020-2021,2
id104,A,Y2P05,273,350,2020-2021,2
id104,A,Y2P06,192,747,2020-2021,2
id104,A,Y2P07,82,243,NA,0
id104,A,Y2P10,154,352,2020-2021,3
id104,A,Y2P11,40,216,2020-2021,2
id104,A,Y2P12,50,176,NA,0
id104,A,Y2P13,209,599,2020-2021,2
id104,A,Y2P14,260,765,2020-2021,1
id104,A,Y2P15,56,75,NA,0
id106,A,Y2P02,23,35,2020-2021,2
id106,A,Y2P03,19,29,2020-2021,2
id106,A,Y2P04,147,172,2020-2021,2
id106,A,Y2P05,123,149,2020-2021,2
id106,A,Y2P06,78,93,2020-2021,2
id106,A,Y2P07,188,351,NA,0
id106,A,Y2P10,8,15,2020-2021,3
id106,A,Y2P11,6,6,2020-2021,2
id106,A,Y2P13,21,34,2020-2021,2
id106,A,Y2P15,200,243,NA,0
id107,A,Y2P02,40,52,2020-2021,2
id107,A,Y2P03,30,82,2020-2021,2
id107,A,Y2P04,54,116,2020-2021,2
id107,A,Y2P05,158,216,2020-2021,2
id107,A,Y2P06,193,394,2020-2021,2
id107,A,Y2P07,81,263,NA,0
id107,A,Y2P10,69,106,2020-2021,3
id107,A,Y2P11,102,306,2020-2021,2
id107,A,Y2P13,121,209,2020-2021,2
id107,A,Y2P14,143,398,2020-2021,1
id107,A,Y2P15,7,15,NA,0
id108,A,Y2P02,20,42,2020-2021,2
id108,A,Y2P03,39,57,2020-2021,2
id108,A,Y2P04,87,159,2020-2021,2
id108,A,Y2P05,182,274,2020-2021,2
id108,A,Y2P06,113,144,2020-2021,2
id108,A,Y2P07,131,479,NA,0
id108,A,Y2P08,28,60,NA,0
id108,A,Y2P10,50,103,2020-2021,3
id108,A,Y2P12,77,94,NA,0
id108,A,Y2P13,118,261,2020-2021,2
id108,A,Y2P14,53,92,2020-2021,1
id108,A,Y2P15,61,76,NA,0
id109,A,Y2P02,7,19,2020-2021,2
id109,A,Y2P04,207,293,2020-2021,2
id109,A,Y2P05,183,251,2020-2021,2
id109,A,Y2P06,106,206,2020-2021,2
id109,A,Y2P07,9,15,NA,0
id109,A,Y2P08,81,136,NA,0
id109,A,Y2P10,52,91,2020-2021,3
id109,A,Y2P12,3,11,NA,0
id109,A,Y2P14,57,128,2020-2021,1
id109,A,Y2P15,474,748,NA,0
id110,A,Y2P02,50,57,2020-2021,2
id110,A,Y2P03,79,124,2020-2021,2
id110,A,Y2P04,59,72,2020-2021,2
id110,A,Y2P05,109,150,2020-2021,2
id110,A,Y2P06,42,349,2020-2021,2
id110,A,Y2P07,62,179,NA,0
id110,A,Y2P10,87,198,2020-2021,3
id110,A,Y2P11,17,19,2020-2021,2
id110,A,Y2P12,234,857,NA,0
id110,A,Y2P13,28,262,2020-2021,2
id110,A,Y2P14,6,81,2020-2021,1
id110,A,Y2P15,89,304,NA,0
id111,A,Y2P02,23,35,2020-2021,2
id111,A,Y2P03,16,25,2020-2021,2
id111,A,Y2P04,51,130,2020-2021,2
id111,A,Y2P05,37,66,2020-2021,2
id111,A,Y2P07,207,402,NA,0
id111,A,Y2P14,142,224,2020-2021,1
id111,A,Y2P15,121,262,NA,0
id112,A,Y2P02,38,49,2020-2021,2
id112,A,Y2P03,44,129,2020-2021,2
id112,A,Y2P04,147,190,2020-2021,2
id112,A,Y2P05,248,465,2020-2021,2
id112,A,Y2P06,83,148,2020-2021,2
id112,A,Y2P07,95,115,NA,0
id112,A,Y2P10,174,300,2020-2021,3
id112,A,Y2P11,3,20,2020-2021,2
id112,A,Y2P12,10,55,NA,0
id112,A,Y2P13,6,91,2020-2021,2
id112,A,Y2P14,167,337,2020-2021,1
id112,A,Y2P15,55,156,NA,0
id113,A,Y2P02,25,25,2020-2021,2
id113,A,Y2P03,21,76,2020-2021,2
id113,A,Y2P04,50,123,2020-2021,2
id113,A,Y2P05,129,183,2020-2021,2
id113,A,Y2P06,58,65,2020-2021,2
id113,A,Y2P07,66,252,NA,0
id113,A,Y2P10,11,19,2020-2021,3
id113,A,Y2P11,17,28,2020-2021,2
id113,A,Y2P13,15,31,2020-2021,2
id113,A,Y2P14,66,81,2020-2021,1
id113,A,Y2P15,159,239,NA,0
id114,A,Y2P02,25,27,2020-2021,2
id114,A,Y2P03,76,123,2020-2021,2
id114,A,Y2P04,29,38,2020-2021,2
id114,A,Y2P05,84,189,2020-2021,2
id114,A,Y2P07,205,341,NA,0
id114,A,Y2P08,63,103,NA,0
id114,A,Y2P10,23,33,2020-2021,3
id114,A,Y2P11,146,283,2020-2021,2
id114,A,Y2P13,13,26,2020-2021,2
id114,A,Y2P14,15,56,2020-2021,1
id114,A,Y2P15,148,364,NA,0
id115,A,Y2P02,42,45,2020-2021,2
id115,A,Y2P03,25,43,2020-2021,2
id115,A,Y2P04,80,150,2020-2021,2
id115,A,Y2P05,115,158,2020-2021,2
id115,A,Y2P06,68,235,2020-2021,2
id115,A,Y2P07,188,372,NA,0
id115,A,Y2P10,23,35,2020-2021,3
id115,A,Y2P11,25,53,2020-2021,2
id115,A,Y2P12,26,48,NA,0
id115,A,Y2P13,194,268,2020-2021,2
id115,A,Y2P14,392,676,2020-2021,1
id116,B,Y1P11,97,538,2019-2020,2
id116,B,Y1P13,181,1512,2019-2020,1
id116,B,Y1P14,26,3412,NA,0
id117,B,Y1P11,73,420,2019-2020,2
id117,B,Y1P13,352,1132,2019-2020,1
id117,B,Y1P14,193,2079,NA,0
id118,B,Y1P11,95,539,2019-2020,2
id118,B,Y1P12,36,51,2019-2020,1
id118,B,Y1P13,103,397,2019-2020,1
id118,B,Y1P14,168,2529,NA,0
id119,B,Y1P11,119,534,2019-2020,2
id119,B,Y1P12,34,62,2019-2020,1
id119,B,Y1P13,79,347,2019-2020,1
id119,B,Y1P14,329,5133,NA,0
id120,A,Y1P11,11,160,2019-2020,2
id120,A,Y1P12,2,43,2019-2020,1
id120,A,Y1P13,21,198,2019-2020,1
id120,A,Y1P14,17,34,NA,0
id121,B,Y1P11,123,825,2019-2020,2
id121,B,Y1P13,262,1346,2019-2020,1
id121,B,Y1P14,172,991,NA,0
id122,A,Y2P02,51,56,2020-2021,2
id122,A,Y2P04,36,48,2020-2021,2
id122,A,Y2P05,61,81,2020-2021,2
id122,A,Y2P06,191,507,2020-2021,2
id122,A,Y2P07,179,413,NA,0
id122,A,Y2P10,25,42,2020-2021,3
id122,A,Y2P11,79,199,2020-2021,2
id122,A,Y2P13,32,45,2020-2021,2
id122,A,Y2P14,31,50,2020-2021,1
id122,A,Y2P15,6,14,NA,0
id123,B,Y1P11,73,430,2019-2020,2
id123,B,Y1P12,15,23,2019-2020,1
id123,B,Y1P13,452,7447,2019-2020,1
id123,B,Y1P14,127,602,NA,0
id125,B,Y1P11,95,370,2019-2020,2
id125,B,Y1P12,98,279,2019-2020,1
id125,B,Y1P13,287,3989,2019-2020,1
id125,B,Y1P14,136,2501,NA,0
id126,B,Y1P13,202,926,2019-2020,1
id126,B,Y1P14,315,1762,NA,0
id127,B,Y1P11,124,530,2019-2020,2
id127,B,Y1P13,283,1185,2019-2020,1
id127,B,Y1P14,258,2063,NA,0
id128,B,Y1P11,26,30,2019-2020,2
id128,B,Y1P13,564,3231,2019-2020,1
id128,B,Y1P14,360,1775,NA,0
id129,B,Y1P11,86,334,2019-2020,2
id129,B,Y1P12,43,282,2019-2020,1
id129,B,Y1P13,423,2163,2019-2020,1
id130,B,Y1P11,114,435,2019-2020,2
id130,B,Y1P12,8,17,2019-2020,1
id130,B,Y1P13,454,1574,2019-2020,1
id131,B,Y1P13,477,2050,2019-2020,1
id131,B,Y1P14,52,263,NA,0
id132,B,Y1P11,78,720,2019-2020,2
id132,B,Y1P12,9,258,2019-2020,1
id132,B,Y1P13,286,2670,2019-2020,1
id132,B,Y1P14,202,3837,NA,0
id133,B,Y1P11,146,704,2019-2020,2
id133,B,Y1P13,178,579,2019-2020,1
id133,B,Y1P14,125,156,NA,0
id134,B,Y1P11,154,673,2019-2020,2
id134,B,Y1P13,365,1625,2019-2020,1
id134,B,Y1P14,152,662,NA,0
id135,B,Y1P11,81,484,2019-2020,2
id135,B,Y1P12,17,153,2019-2020,1
id135,B,Y1P13,218,1096,2019-2020,1
id135,B,Y1P14,29,96,NA,0
id137,B,Y1P13,424,2914,2019-2020,1
id137,B,Y1P14,23,2121,NA,0
id139,B,Y1P11,99,1299,2019-2020,2
id139,B,Y1P13,285,2249,2019-2020,1
id139,B,Y1P14,62,1248,NA,0
id139,B,Y1P16,2,51,NA,0
id140,A,Y2P02,42,52,2020-2021,2
id140,A,Y2P03,41,75,2020-2021,2
id140,A,Y2P04,65,70,2020-2021,2
id140,A,Y2P05,92,116,2020-2021,2
id140,A,Y2P06,21,56,2020-2021,2
id140,A,Y2P07,106,336,NA,0
id140,A,Y2P10,29,39,2020-2021,3
id140,A,Y2P11,27,29,2020-2021,2
id140,A,Y2P13,4,60,2020-2021,2
id140,A,Y2P14,32,66,2020-2021,1
id140,A,Y2P15,11,105,NA,0
id141,A,Y2P02,56,84,2020-2021,2
id141,A,Y2P03,86,195,2020-2021,2
id141,A,Y2P04,136,176,2020-2021,2
id141,A,Y2P05,333,480,2020-2021,2
id141,A,Y2P06,213,524,2020-2021,2
id141,A,Y2P07,115,334,NA,0
id141,A,Y2P10,182,258,2020-2021,3
id141,A,Y2P11,147,228,2020-2021,2
id141,A,Y2P12,248,524,NA,0
id141,A,Y2P13,227,387,2020-2021,2
id141,A,Y2P14,59,284,2020-2021,1
id143,A,Y1P11,138,342,2019-2020,2
id143,A,Y1P12,39,682,2019-2020,1
id143,A,Y1P13,333,2019,2019-2020,1
id143,A,Y1P14,364,1463,NA,0
id143,A,Y1P17,209,1086,NA,0
id144,A,Y1P11,39,71,2019-2020,2
id144,A,Y1P12,59,103,2019-2020,1
id144,A,Y1P13,35,130,2019-2020,1
id144,A,Y1P14,54,287,NA,0
id144,A,Y1P17,154,684,NA,0
id144,A,Y2P02,41,52,2020-2021,2
id144,A,Y2P03,94,196,2020-2021,2
id144,A,Y2P04,107,147,2020-2021,2
id144,A,Y2P05,168,272,2020-2021,2
id144,A,Y2P06,247,423,2020-2021,2
id144,A,Y2P07,278,921,NA,0
id144,A,Y2P08,41,82,NA,0
id144,A,Y2P10,43,56,2020-2021,3
id144,A,Y2P12,70,90,NA,0
id144,A,Y2P13,64,117,2020-2021,2
id144,A,Y2P14,328,458,2020-2021,1
id144,A,Y2P15,162,791,NA,0
id145,A,Y2P03,62,188,2020-2021,2
id145,A,Y2P04,79,85,2020-2021,2
id145,A,Y2P05,169,679,2020-2021,2
id145,A,Y2P06,200,1513,2020-2021,2
id145,A,Y2P07,75,1045,NA,0
id145,A,Y2P11,318,438,2020-2021,2
id145,A,Y2P14,574,2123,2020-2021,1
id146,A,Y2P02,16,19,2020-2021,2
id146,A,Y2P03,96,144,2020-2021,2
id146,A,Y2P04,99,126,2020-2021,2
id146,A,Y2P05,110,194,2020-2021,2
id146,A,Y2P06,50,122,2020-2021,2
id146,A,Y2P07,47,130,NA,0
id146,A,Y2P10,27,39,2020-2021,3
id146,A,Y2P11,2,25,2020-2021,2
id146,A,Y2P12,20,40,NA,0
id146,A,Y2P13,9,34,2020-2021,2
id146,A,Y2P14,110,140,2020-2021,1
id146,A,Y2P15,271,496,NA,0
id147,A,Y2P02,55,61,2020-2021,2
id147,A,Y2P03,21,32,2020-2021,2
id147,A,Y2P04,92,170,2020-2021,2
id147,A,Y2P05,81,94,2020-2021,2
id147,A,Y2P06,103,230,2020-2021,2
id147,A,Y2P07,252,399,NA,0
id147,A,Y2P10,31,42,2020-2021,3
id147,A,Y2P11,68,88,2020-2021,2
id147,A,Y2P12,72,98,NA,0
id147,A,Y2P13,82,166,2020-2021,2
id147,A,Y2P14,201,408,2020-2021,1
id147,A,Y2P15,112,644,NA,0
id148,A,Y2P02,37,48,2020-2021,2
id148,A,Y2P03,43,104,2020-2021,2
id148,A,Y2P04,155,186,2020-2021,2
id148,A,Y2P05,127,197,2020-2021,2
id148,A,Y2P06,56,59,2020-2021,2
id148,A,Y2P07,56,111,NA,0
id148,A,Y2P10,23,57,2020-2021,3
id148,A,Y2P11,2,4,2020-2021,2
id148,A,Y2P14,94,191,2020-2021,1
id148,A,Y2P15,227,727,NA,0
id149,A,Y2P02,22,34,2020-2021,2
id149,A,Y2P03,95,148,2020-2021,2
id149,A,Y2P04,58,109,2020-2021,2
id149,A,Y2P05,245,324,2020-2021,2
id149,A,Y2P06,50,61,2020-2021,2
id149,A,Y2P07,196,339,NA,0
id149,A,Y2P14,106,127,2020-2021,1
id149,A,Y2P15,423,847,NA,0
id151,A,Y2P02,42,53,2020-2021,2
id151,A,Y2P03,32,111,2020-2021,2
id151,A,Y2P04,83,120,2020-2021,2
id151,A,Y2P05,232,296,2020-2021,2
id151,A,Y2P06,50,192,2020-2021,2
id151,A,Y2P07,47,81,NA,0
id151,A,Y2P10,77,127,2020-2021,3
id151,A,Y2P12,67,80,NA,0
id151,A,Y2P13,169,219,2020-2021,2
id151,A,Y2P14,320,685,2020-2021,1
id151,A,Y2P15,78,174,NA,0
id152,A,Y2P02,21,38,2020-2021,2
id152,A,Y2P03,10,14,2020-2021,2
id152,A,Y2P04,62,137,2020-2021,2
id152,A,Y2P05,162,217,2020-2021,2
id152,A,Y2P06,44,58,2020-2021,2
id152,A,Y2P07,283,415,NA,0
id152,A,Y2P08,7,7,NA,0
id152,A,Y2P10,47,80,2020-2021,3
id152,A,Y2P13,173,422,2020-2021,2
id152,A,Y2P14,95,197,2020-2021,1
id152,A,Y2P15,165,295,NA,0
id153,A,Y2P03,62,127,2020-2021,2
id153,A,Y2P04,50,108,2020-2021,2
id153,A,Y2P05,105,128,2020-2021,2
id153,A,Y2P06,107,122,2020-2021,2
id153,A,Y2P07,173,340,NA,0
id153,A,Y2P10,46,81,2020-2021,3
id153,A,Y2P11,52,58,2020-2021,2
id153,A,Y2P12,120,217,NA,0
id153,A,Y2P13,33,50,2020-2021,2
id153,A,Y2P14,175,231,2020-2021,1
id153,A,Y2P15,143,237,NA,0
id154,A,Y2P04,49,67,2020-2021,2
id154,A,Y2P05,329,911,2020-2021,2
id154,A,Y2P06,127,198,2020-2021,2
id154,A,Y2P07,240,343,NA,0
id154,A,Y2P08,7,9,NA,0
id154,A,Y2P13,48,55,2020-2021,2
id154,A,Y2P15,225,385,NA,0
id155,A,Y2P02,70,128,2020-2021,2
id155,A,Y2P03,46,157,2020-2021,2
id155,A,Y2P04,175,277,2020-2021,2
id155,A,Y2P05,266,535,2020-2021,2
id155,A,Y2P06,118,247,2020-2021,2
id155,A,Y2P07,29,43,NA,0
id155,A,Y2P10,262,309,2020-2021,3
id155,A,Y2P11,15,20,2020-2021,2
id155,A,Y2P12,98,315,NA,0
id155,A,Y2P13,62,141,2020-2021,2
id155,A,Y2P14,128,418,2020-2021,1
id155,A,Y2P15,47,138,NA,0
id158,A,Y2P02,46,54,2020-2021,2
id158,A,Y2P03,86,152,2020-2021,2
id158,A,Y2P04,58,69,2020-2021,2
id158,A,Y2P05,162,192,2020-2021,2
id158,A,Y2P06,37,56,2020-2021,2
id158,A,Y2P07,310,537,NA,0
id158,A,Y2P08,23,41,NA,0
id158,A,Y2P12,22,66,NA,0
id158,A,Y2P13,10,127,2020-2021,2
id158,A,Y2P14,257,301,2020-2021,1
id158,A,Y2P15,168,325,NA,0
id159,A,Y2P03,57,82,2020-2021,2
id159,A,Y2P04,110,174,2020-2021,2
id159,A,Y2P05,253,386,2020-2021,2
id159,A,Y2P06,157,246,2020-2021,2
id159,A,Y2P07,75,88,NA,0
id159,A,Y2P13,95,121,2020-2021,2
id159,A,Y2P15,218,425,NA,0
id160,A,Y2P02,41,44,2020-2021,2
id160,A,Y2P03,2,29,2020-2021,2
id160,A,Y2P04,75,87,2020-2021,2
id160,A,Y2P05,92,124,2020-2021,2
id160,A,Y2P06,77,109,2020-2021,2
id160,A,Y2P07,198,241,NA,0
id160,A,Y2P08,5,6,NA,0
id160,A,Y2P10,37,61,2020-2021,3
id160,A,Y2P11,18,24,2020-2021,2
id160,A,Y2P13,26,32,2020-2021,2
id160,A,Y2P14,45,75,2020-2021,1
id160,A,Y2P15,88,316,NA,0
id161,A,Y2P04,12,17,2020-2021,2
id161,A,Y2P05,50,66,2020-2021,2
id161,A,Y2P06,9,15,2020-2021,2
id161,A,Y2P07,45,95,NA,0
id161,A,Y2P08,41,51,NA,0
id161,A,Y2P15,12,19,NA,0
id162,A,Y2P03,40,59,2020-2021,2
id164,A,Y2P03,41,55,2020-2021,2
id164,A,Y2P04,61,133,2020-2021,2
id164,A,Y2P05,29,38,2020-2021,2
id165,A,Y2P04,1,2,2020-2021,2
id165,A,Y2P05,69,92,2020-2021,2
id165,A,Y2P06,91,195,2020-2021,2
id165,A,Y2P07,97,180,NA,0
id165,A,Y2P08,83,105,NA,0
id165,A,Y2P13,13,29,2020-2021,2
id165,A,Y2P14,52,76,2020-2021,1
id165,A,Y2P15,110,156,NA,0
id166,A,Y2P05,95,146,2020-2021,2
id166,A,Y2P06,107,166,2020-2021,2
id166,A,Y2P07,109,256,NA,0
id166,A,Y2P08,326,593,NA,0
id166,A,Y2P11,29,45,2020-2021,2
id166,A,Y2P13,77,86,2020-2021,2
id166,A,Y2P14,34,65,2020-2021,1
id166,A,Y2P15,482,771,NA,0
id167,A,Y2P05,93,145,2020-2021,2
id167,A,Y2P06,81,151,2020-2021,2
id167,A,Y2P07,45,119,NA,0
id167,A,Y2P08,105,179,NA,0
id167,A,Y2P10,33,57,2020-2021,3
id167,A,Y2P11,30,36,2020-2021,2
id167,A,Y2P12,43,202,NA,0
id167,A,Y2P13,18,22,2020-2021,2
id167,A,Y2P14,137,452,2020-2021,1
id167,A,Y2P15,238,404,NA,0
id177,A,Y1P11,30,80,2019-2020,2
id177,A,Y1P12,38,77,2019-2020,1
id177,A,Y1P13,82,426,2019-2020,1
id177,A,Y1P14,18,73,NA,0
id178,A,Y1P11,54,78,2019-2020,2
id178,A,Y1P12,59,127,2019-2020,1
id179,A,Y1P11,4,82,2019-2020,2
id179,A,Y1P12,25,141,2019-2020,1
id179,A,Y1P13,30,180,2019-2020,1
id182,B,Y1P11,134,568,2019-2020,2
id182,B,Y1P13,269,1739,2019-2020,1
id183,B,Y1P11,50,100,2019-2020,2
id183,B,Y1P13,355,1200,2019-2020,1
id183,B,Y1P14,88,274,NA,0
id186,B,Y1P11,68,438,2019-2020,2
id186,B,Y1P12,45,271,2019-2020,1
id186,B,Y1P13,509,1403,2019-2020,1
id186,B,Y1P14,55,188,NA,0
id186,B,Y1P16,5,28,NA,0
id187,B,Y1P11,72,245,2019-2020,2
id187,B,Y1P12,53,355,2019-2020,1
id187,B,Y1P13,392,2910,2019-2020,1
id187,B,Y1P14,85,176,NA,0
id188,B,Y1P13,13,19,2019-2020,1
id188,B,Y1P14,67,184,NA,0
id189,B,Y1P11,44,243,2019-2020,2
id189,B,Y1P13,464,1996,2019-2020,1
id189,B,Y1P14,122,616,NA,0
id193,B,Y1P11,158,1505,2019-2020,2
id193,B,Y1P13,466,3390,2019-2020,1
id193,B,Y1P14,37,456,NA,0
id194,B,Y1P11,16,16,2019-2020,2
id194,B,Y1P13,603,2232,2019-2020,1
id194,B,Y1P14,49,808,NA,0
id194,B,Y1P16,3,260,NA,0
id196,B,Y1P11,93,533,2019-2020,2
id196,B,Y1P14,239,1663,NA,0
id197,B,Y1P11,51,178,2019-2020,2
id197,B,Y1P13,117,735,2019-2020,1
id197,B,Y1P14,144,486,NA,0
id198,B,Y1P11,50,174,2019-2020,2
id198,B,Y1P13,119,741,2019-2020,1
id198,B,Y1P14,202,1027,NA,0
id26,A,Y1P11,71,117,2019-2020,2
id26,A,Y1P12,27,131,2019-2020,1
id26,A,Y1P13,21,30,2019-2020,1
id26,A,Y1P14,36,101,NA,0
id26,B,Y2P01,10,16,NA,0
id26,B,Y2P03,165,462,2020-2021,2
id26,B,Y2P04,76,176,2020-2021,2
id26,B,Y2P06,114,370,2020-2021,2
id26,B,Y2P07,115,341,NA,0
id26,B,Y2P09,7,73,2020-2021,2
id26,B,Y2P13,138,640,2020-2021,2
id26,B,Y2P14,137,329,2020-2021,1
id26,B,Y2P15,33,33,NA,0
id27,A,Y1P11,78,125,2019-2020,2
id27,A,Y1P12,24,40,2019-2020,1
id27,B,Y2P01,40,52,NA,0
id27,B,Y2P03,81,165,2020-2021,2
id27,B,Y2P04,2,40,2020-2021,2
id27,B,Y2P06,108,165,2020-2021,2
id27,B,Y2P07,220,346,NA,0
id27,B,Y2P09,15,46,2020-2021,2
id27,B,Y2P11,133,277,2020-2021,2
id27,B,Y2P13,124,267,2020-2021,2
id27,B,Y2P14,33,43,2020-2021,1
id27,B,Y2P15,77,121,NA,0
id28,A,Y1P11,23,43,2019-2020,2
id28,A,Y1P12,43,161,2019-2020,1
id28,A,Y1P13,8,72,2019-2020,1
id28,A,Y1P14,39,142,NA,0
id28,B,Y2P01,14,19,NA,0
id28,B,Y2P02,32,36,2020-2021,2
id28,B,Y2P03,72,204,2020-2021,2
id28,B,Y2P04,190,539,2020-2021,2
id28,B,Y2P06,68,159,2020-2021,2
id28,B,Y2P07,38,120,NA,0
id28,B,Y2P13,123,343,2020-2021,2
id28,B,Y2P14,41,51,2020-2021,1
id28,B,Y2P15,289,639,NA,0
id29,A,Y1P11,82,158,2019-2020,2
id29,A,Y1P12,26,44,2019-2020,1
id29,A,Y1P13,53,268,2019-2020,1
id29,A,Y1P14,6,21,NA,0
id29,B,Y2P01,10,17,NA,0
id29,B,Y2P02,39,51,2020-2021,2
id29,B,Y2P03,130,467,2020-2021,2
id29,B,Y2P04,335,666,2020-2021,2
id29,B,Y2P06,175,313,2020-2021,2
id29,B,Y2P07,156,628,NA,0
id29,B,Y2P09,83,165,2020-2021,2
id29,B,Y2P10,23,155,2020-2021,3
id29,B,Y2P11,36,129,2020-2021,2
id29,B,Y2P13,93,258,2020-2021,2
id29,B,Y2P15,42,198,NA,0
id30,A,Y1P11,7,155,2019-2020,2
id30,A,Y1P12,58,183,2019-2020,1
id30,A,Y1P13,22,69,2019-2020,1
id30,A,Y1P14,30,38,NA,0
id30,B,Y2P01,50,69,NA,0
id30,B,Y2P03,99,253,2020-2021,2
id30,B,Y2P04,149,271,2020-2021,2
id30,B,Y2P05,170,253,2020-2021,2
id30,B,Y2P06,176,418,2020-2021,2
id30,B,Y2P07,10,20,NA,0
id30,B,Y2P09,44,95,2020-2021,2
id30,B,Y2P10,63,169,2020-2021,3
id30,B,Y2P11,135,276,2020-2021,2
id30,B,Y2P13,170,316,2020-2021,2
id30,B,Y2P14,65,89,2020-2021,1
id31,A,Y1P13,70,1070,2019-2020,1
id31,A,Y1P14,25,242,NA,0
id31,B,Y2P01,17,22,NA,0
id31,B,Y2P02,3,4,2020-2021,2
id31,B,Y2P03,25,41,2020-2021,2
id31,B,Y2P04,109,202,2020-2021,2
id31,B,Y2P05,126,375,2020-2021,2
id31,B,Y2P06,103,632,2020-2021,2
id31,B,Y2P07,75,88,NA,0
id31,B,Y2P08,25,33,NA,0
id31,B,Y2P13,53,342,2020-2021,2
id31,B,Y2P14,118,453,2020-2021,1
id31,B,Y2P15,254,1200,NA,0
id32,A,Y1P11,70,129,2019-2020,2
id32,A,Y1P12,149,373,2019-2020,1
id32,A,Y1P13,56,281,2019-2020,1
id32,A,Y1P14,1,2,NA,0
id32,B,Y2P02,14,17,2020-2021,2
id32,B,Y2P03,184,464,2020-2021,2
id32,B,Y2P04,181,247,2020-2021,2
id32,B,Y2P05,253,471,2020-2021,2
id32,B,Y2P06,108,228,2020-2021,2
id32,B,Y2P09,67,123,2020-2021,2
id32,B,Y2P10,84,210,2020-2021,3
id32,B,Y2P11,104,180,2020-2021,2
id32,B,Y2P12,46,51,NA,0
id32,B,Y2P13,97,279,2020-2021,2
id33,A,Y1P14,125,275,NA,0
id33,B,Y2P03,103,404,2020-2021,2
id33,B,Y2P04,16,16,2020-2021,2
id34,A,Y1P13,36,186,2019-2020,1
id34,A,Y1P14,3,7,NA,0
id34,B,Y2P03,87,266,2020-2021,2
id34,B,Y2P04,6,182,2020-2021,2
id34,B,Y2P06,68,333,2020-2021,2
id34,B,Y2P07,14,61,NA,0
id34,B,Y2P08,175,1311,NA,0
id34,B,Y2P15,168,508,NA,0
id35,A,Y1P13,18,694,2019-2020,1
id35,A,Y1P17,129,587,NA,0
id35,B,Y2P01,49,72,NA,0
id35,B,Y2P03,98,193,2020-2021,2
id35,B,Y2P04,197,590,2020-2021,2
id35,B,Y2P05,36,43,2020-2021,2
id36,A,Y1P11,14,66,2019-2020,2
id36,A,Y1P12,33,140,2019-2020,1
id36,A,Y1P13,13,145,2019-2020,1
id36,A,Y1P16,7,23,NA,0
id36,B,Y2P01,53,69,NA,0
id36,B,Y2P03,100,245,2020-2021,2
id36,B,Y2P04,236,694,2020-2021,2
id36,B,Y2P06,32,168,2020-2021,2
id36,B,Y2P10,40,98,2020-2021,3
id36,B,Y2P11,145,268,2020-2021,2
id36,B,Y2P12,28,92,NA,0
id36,B,Y2P13,136,236,2020-2021,2
id37,A,Y1P11,92,169,2019-2020,2
id37,A,Y1P12,30,104,2019-2020,1
id37,A,Y1P13,10,421,2019-2020,1
id37,A,Y1P14,6,124,NA,0
id37,B,Y2P01,54,70,NA,0
id37,B,Y2P03,127,402,2020-2021,2
id37,B,Y2P04,232,669,2020-2021,2
id37,B,Y2P06,61,169,2020-2021,2
id37,B,Y2P09,65,106,2020-2021,2
id37,B,Y2P10,26,157,2020-2021,3
id37,B,Y2P11,74,182,2020-2021,2
id37,B,Y2P12,101,174,NA,0
id37,B,Y2P13,86,162,2020-2021,2
id37,B,Y2P15,23,143,NA,0
id38,A,Y1P11,34,53,2019-2020,2
id38,A,Y1P12,1,5,2019-2020,1
id38,A,Y1P13,87,213,2019-2020,1
id38,A,Y1P14,138,405,NA,0
id38,B,Y2P03,107,217,2020-2021,2
id38,B,Y2P04,62,104,2020-2021,2
id38,B,Y2P05,15,24,2020-2021,2
id38,B,Y2P06,347,584,2020-2021,2
id38,B,Y2P07,459,757,NA,0
id38,B,Y2P08,107,176,NA,0
id38,B,Y2P11,33,42,2020-2021,2
id38,B,Y2P13,219,451,2020-2021,2
id38,B,Y2P14,96,321,2020-2021,1
id38,B,Y2P15,236,756,NA,0
id39,A,Y1P11,107,203,2019-2020,2
id39,A,Y1P12,26,127,2019-2020,1
id39,A,Y1P13,23,148,2019-2020,1
id39,B,Y2P01,58,70,NA,0
id39,B,Y2P02,50,161,2020-2021,2
id39,B,Y2P03,103,540,2020-2021,2
id39,B,Y2P04,291,773,2020-2021,2
id39,B,Y2P05,142,672,2020-2021,2
id39,B,Y2P06,148,811,2020-2021,2
id39,B,Y2P07,9,9,NA,0
id39,B,Y2P09,54,141,2020-2021,2
id39,B,Y2P10,91,247,2020-2021,3
id39,B,Y2P11,50,144,2020-2021,2
id39,B,Y2P12,88,241,NA,0
id39,B,Y2P13,65,129,2020-2021,2
id39,B,Y2P15,46,63,NA,0
id40,A,Y1P12,15,42,2019-2020,1
id40,A,Y1P13,48,596,2019-2020,1
id40,A,Y1P14,45,100,NA,0
id40,B,Y2P03,84,203,2020-2021,2
id40,B,Y2P04,58,420,2020-2021,2
id40,B,Y2P06,141,185,2020-2021,2
id40,B,Y2P07,86,323,NA,0
id40,B,Y2P08,177,846,NA,0
id40,B,Y2P11,45,55,2020-2021,2
id40,B,Y2P13,32,106,2020-2021,2
id40,B,Y2P14,11,60,2020-2021,1
id40,B,Y2P15,309,626,NA,0
id41,A,Y1P12,33,122,2019-2020,1
id41,A,Y1P13,84,356,2019-2020,1
id41,A,Y1P14,24,228,NA,0
id41,B,Y2P05,114,259,2020-2021,2
id41,B,Y2P06,154,1018,2020-2021,2
id41,B,Y2P07,167,1038,NA,0
id41,B,Y2P08,523,1390,NA,0
id41,B,Y2P10,41,233,2020-2021,3
id41,B,Y2P11,65,229,2020-2021,2
id41,B,Y2P12,213,427,NA,0
id41,B,Y2P13,6,81,2020-2021,2
id41,B,Y2P14,82,281,2020-2021,1
id41,B,Y2P15,337,676,NA,0
id42,A,Y1P12,80,131,2019-2020,1
id42,A,Y1P13,59,152,2019-2020,1
id42,A,Y1P14,2,5,NA,0
id42,B,Y2P02,73,106,2020-2021,2
id42,B,Y2P03,122,354,2020-2021,2
id42,B,Y2P04,113,199,2020-2021,2
id42,B,Y2P05,190,442,2020-2021,2
id42,B,Y2P06,141,282,2020-2021,2
id42,B,Y2P09,66,111,2020-2021,2
id42,B,Y2P10,47,170,2020-2021,3
id42,B,Y2P11,137,337,2020-2021,2
id42,B,Y2P13,236,344,2020-2021,2
id42,B,Y2P14,30,55,2020-2021,1
id42,B,Y2P15,18,36,NA,0
id43,A,Y1P11,72,117,2019-2020,2
id43,A,Y1P12,42,65,2019-2020,1
id43,A,Y1P13,49,220,2019-2020,1
id43,A,Y1P17,407,1177,NA,0
id43,B,Y2P01,51,63,NA,0
id43,B,Y2P03,150,408,2020-2021,2
id43,B,Y2P04,58,72,2020-2021,2
id43,B,Y2P05,26,47,2020-2021,2
id43,B,Y2P06,53,57,2020-2021,2
id43,B,Y2P07,109,151,NA,0
id43,B,Y2P09,48,59,2020-2021,2
id43,B,Y2P10,18,25,2020-2021,3
id43,B,Y2P11,129,769,2020-2021,2
id43,B,Y2P12,67,542,NA,0
id43,B,Y2P13,223,874,2020-2021,2
id43,B,Y2P14,4,6,2020-2021,1
id43,B,Y2P15,75,194,NA,0
id44,A,Y1P11,76,149,2019-2020,2
id44,A,Y1P12,27,62,2019-2020,1
id44,A,Y1P13,19,43,2019-2020,1
id44,A,Y1P14,3,6,NA,0
id44,B,Y2P02,56,66,2020-2021,2
id44,B,Y2P03,140,353,2020-2021,2
id44,B,Y2P04,79,140,2020-2021,2
id44,B,Y2P05,104,178,2020-2021,2
id44,B,Y2P06,63,197,2020-2021,2
id44,B,Y2P09,42,51,2020-2021,2
id44,B,Y2P10,8,65,2020-2021,3
id44,B,Y2P11,80,225,2020-2021,2
id44,B,Y2P12,29,52,NA,0
id44,B,Y2P13,143,344,2020-2021,2
id44,B,Y2P14,10,36,2020-2021,1
id44,B,Y2P15,5,6,NA,0
id45,A,Y1P12,23,47,2019-2020,1
id45,A,Y1P13,20,191,2019-2020,1
id45,A,Y1P14,16,89,NA,0
id45,B,Y2P02,89,110,2020-2021,2
id45,B,Y2P03,137,248,2020-2021,2
id45,B,Y2P04,365,1023,2020-2021,2
id45,B,Y2P05,98,111,2020-2021,2
id45,B,Y2P06,781,1713,2020-2021,2
id45,B,Y2P07,80,109,NA,0
id45,B,Y2P08,17,30,NA,0
id45,B,Y2P10,71,450,2020-2021,3
id45,B,Y2P11,200,449,2020-2021,2
id45,B,Y2P12,55,92,NA,0
id45,B,Y2P13,282,661,2020-2021,2
id45,B,Y2P15,82,366,NA,0
id46,A,Y1P11,76,179,2019-2020,2
id46,A,Y1P12,37,156,2019-2020,1
id46,A,Y1P13,45,79,2019-2020,1
id46,A,Y1P14,14,28,NA,0
id46,A,Y1P15,0,2,NA,0
id46,B,Y2P02,45,54,2020-2021,2
id46,B,Y2P03,99,338,2020-2021,2
id46,B,Y2P04,139,498,2020-2021,2
id46,B,Y2P05,83,215,2020-2021,2
id46,B,Y2P06,54,286,2020-2021,2
id46,B,Y2P09,41,92,2020-2021,2
id46,B,Y2P11,62,511,2020-2021,2
id46,B,Y2P12,167,299,NA,0
id46,B,Y2P13,167,347,2020-2021,2
id47,A,Y1P12,11,120,2019-2020,1
id47,A,Y1P13,19,735,2019-2020,1
id47,A,Y1P14,27,384,NA,0
id47,B,Y2P02,50,66,2020-2021,2
id47,B,Y2P03,154,387,2020-2021,2
id47,B,Y2P04,424,862,2020-2021,2
id47,B,Y2P05,61,77,2020-2021,2
id47,B,Y2P06,211,441,2020-2021,2
id47,B,Y2P07,39,272,NA,0
id47,B,Y2P08,44,64,NA,0
id47,B,Y2P09,46,55,2020-2021,2
id47,B,Y2P10,131,325,2020-2021,3
id47,B,Y2P11,288,476,2020-2021,2
id47,B,Y2P12,98,169,NA,0
id47,B,Y2P13,191,638,2020-2021,2
id47,B,Y2P15,49,78,NA,0
id48,A,Y1P11,70,129,2019-2020,2
id48,A,Y1P12,52,406,2019-2020,1
id48,A,Y1P13,33,81,2019-2020,1
id48,B,Y2P01,51,75,NA,0
id48,B,Y2P03,149,609,2020-2021,2
id48,B,Y2P04,385,1068,2020-2021,2
id48,B,Y2P05,165,538,2020-2021,2
id48,B,Y2P06,157,402,2020-2021,2
id48,B,Y2P07,13,19,NA,0
id48,B,Y2P09,13,160,2020-2021,2
id48,B,Y2P10,154,403,2020-2021,3
id48,B,Y2P11,137,275,2020-2021,2
id48,B,Y2P12,177,312,NA,0
id48,B,Y2P13,229,508,2020-2021,2
id48,B,Y2P15,72,184,NA,0
id49,A,Y1P11,11,106,2019-2020,2
id49,A,Y1P12,10,37,2019-2020,1
id49,A,Y1P13,108,266,2019-2020,1
id49,A,Y1P14,28,41,NA,0
id49,B,Y2P01,47,76,NA,0
id49,B,Y2P03,142,290,2020-2021,2
id49,B,Y2P04,347,604,2020-2021,2
id49,B,Y2P05,28,132,2020-2021,2
id49,B,Y2P06,111,496,2020-2021,2
id49,B,Y2P07,47,168,NA,0
id49,B,Y2P11,161,378,2020-2021,2
id49,B,Y2P12,100,625,NA,0
id49,B,Y2P13,192,255,2020-2021,2
id49,B,Y2P15,155,244,NA,0
id50,A,Y1P11,133,277,2019-2020,2
id50,A,Y1P12,61,160,2019-2020,1
id50,A,Y1P13,9,22,2019-2020,1
id50,A,Y1P14,11,26,NA,0
id50,B,Y2P02,43,56,2020-2021,2
id50,B,Y2P03,138,444,2020-2021,2
id50,B,Y2P04,510,960,2020-2021,2
id50,B,Y2P05,113,241,2020-2021,2
id50,B,Y2P06,15,204,2020-2021,2
id50,B,Y2P09,56,150,2020-2021,2
id50,B,Y2P10,90,271,2020-2021,3
id50,B,Y2P11,69,160,2020-2021,2
id50,B,Y2P12,241,399,NA,0
id50,B,Y2P13,236,443,2020-2021,2
id51,A,Y1P11,91,159,2019-2020,2
id51,A,Y1P12,51,65,2019-2020,1
id51,A,Y1P13,14,22,2019-2020,1
id51,B,Y2P02,45,56,2020-2021,2
id51,B,Y2P03,141,443,2020-2021,2
id51,B,Y2P04,261,663,2020-2021,2
id51,B,Y2P05,100,177,2020-2021,2
id51,B,Y2P06,57,193,2020-2021,2
id51,B,Y2P09,35,44,2020-2021,2
id51,B,Y2P10,38,93,2020-2021,3
id51,B,Y2P11,45,114,2020-2021,2
id51,B,Y2P12,85,185,NA,0
id51,B,Y2P13,282,355,2020-2021,2
id51,B,Y2P14,9,9,2020-2021,1
id52,A,Y1P12,92,200,2019-2020,1
id52,A,Y1P13,96,242,2019-2020,1
id52,A,Y1P14,265,758,NA,0
id52,B,Y2P03,120,252,2020-2021,2
id52,B,Y2P04,105,302,2020-2021,2
id52,B,Y2P05,162,301,2020-2021,2
id52,B,Y2P06,353,592,2020-2021,2
id52,B,Y2P07,30,94,NA,0
id52,B,Y2P09,5,55,2020-2021,2
id52,B,Y2P10,97,136,2020-2021,3
id52,B,Y2P11,128,172,2020-2021,2
id52,B,Y2P12,62,112,NA,0
id52,B,Y2P13,153,248,2020-2021,2
id53,A,Y1P11,165,343,2019-2020,2
id53,A,Y1P12,8,58,2019-2020,1
id53,A,Y1P13,16,18,2019-2020,1
id53,B,Y2P02,42,55,2020-2021,2
id53,B,Y2P03,83,383,2020-2021,2
id53,B,Y2P04,591,1064,2020-2021,2
id53,B,Y2P05,91,123,2020-2021,2
id53,B,Y2P06,51,200,2020-2021,2
id53,B,Y2P09,59,126,2020-2021,2
id53,B,Y2P10,61,222,2020-2021,3
id53,B,Y2P11,72,169,2020-2021,2
id53,B,Y2P12,147,187,NA,0
id53,B,Y2P13,114,209,2020-2021,2
id54,A,Y1P11,39,157,2019-2020,2
id54,A,Y1P12,3,60,2019-2020,1
id54,A,Y1P14,86,268,NA,0
id54,B,Y2P01,41,66,NA,0
id54,B,Y2P02,4,4,2020-2021,2
id54,B,Y2P03,79,359,2020-2021,2
id54,B,Y2P04,127,184,2020-2021,2
id54,B,Y2P05,118,336,2020-2021,2
id54,B,Y2P06,11,166,2020-2021,2
id54,B,Y2P07,117,327,NA,0
id54,B,Y2P09,29,131,2020-2021,2
id54,B,Y2P10,10,98,2020-2021,3
id54,B,Y2P11,84,190,2020-2021,2
id54,B,Y2P13,185,298,2020-2021,2
id54,B,Y2P15,78,96,NA,0
id55,A,Y1P11,53,88,2019-2020,2
id55,A,Y1P12,83,170,2019-2020,1
id55,A,Y1P14,109,451,NA,0
id55,B,Y2P02,83,108,2020-2021,2
id55,B,Y2P03,99,315,2020-2021,2
id55,B,Y2P04,11,11,2020-2021,2
id55,B,Y2P05,84,167,2020-2021,2
id55,B,Y2P06,154,278,2020-2021,2
id55,B,Y2P07,163,520,NA,0
id55,B,Y2P09,48,92,2020-2021,2
id55,B,Y2P10,155,356,2020-2021,3
id55,B,Y2P11,52,135,2020-2021,2
id55,B,Y2P12,73,103,NA,0
id55,B,Y2P13,96,243,2020-2021,2
id56,A,Y1P11,73,125,2019-2020,2
id56,A,Y1P12,43,146,2019-2020,1
id56,A,Y1P13,91,247,2019-2020,1
id56,A,Y1P14,68,166,NA,0
id56,B,Y2P01,3,5,NA,0
id56,B,Y2P03,180,318,2020-2021,2
id56,B,Y2P04,110,298,2020-2021,2
id56,B,Y2P06,263,493,2020-2021,2
id56,B,Y2P07,124,329,NA,0
id56,B,Y2P09,35,39,2020-2021,2
id56,B,Y2P10,102,192,2020-2021,3
id56,B,Y2P11,123,280,2020-2021,2
id56,B,Y2P12,155,240,NA,0
id56,B,Y2P13,69,95,2020-2021,2
id57,A,Y1P12,40,315,2019-2020,1
id57,A,Y1P13,76,553,2019-2020,1
id57,A,Y1P14,126,601,NA,0
id57,B,Y2P03,114,187,2020-2021,2
id57,B,Y2P04,492,817,2020-2021,2
id57,B,Y2P05,252,417,2020-2021,2
id57,B,Y2P06,585,1112,2020-2021,2
id57,B,Y2P07,63,68,NA,0
id57,B,Y2P08,82,298,NA,0
id57,B,Y2P09,11,18,2020-2021,2
id57,B,Y2P10,16,19,2020-2021,3
id57,B,Y2P13,81,105,2020-2021,2
id57,B,Y2P14,143,493,2020-2021,1
id57,B,Y2P15,279,838,NA,0
id58,A,Y1P11,58,119,2019-2020,2
id58,A,Y1P12,11,57,2019-2020,1
id58,A,Y1P13,88,287,2019-2020,1
id58,A,Y1P14,35,234,NA,0
id58,B,Y2P02,44,59,2020-2021,2
id58,B,Y2P03,31,158,2020-2021,2
id58,B,Y2P04,166,269,2020-2021,2
id58,B,Y2P05,40,57,2020-2021,2
id58,B,Y2P06,307,706,2020-2021,2
id58,B,Y2P07,479,1175,NA,0
id58,B,Y2P08,102,546,NA,0
id58,B,Y2P09,46,61,2020-2021,2
id58,B,Y2P10,42,139,2020-2021,3
id58,B,Y2P11,92,166,2020-2021,2
id58,B,Y2P12,94,135,NA,0
id58,B,Y2P13,173,352,2020-2021,2
id58,B,Y2P15,27,36,NA,0
id59,A,Y1P11,8,179,2019-2020,2
id59,A,Y1P12,54,257,2019-2020,1
id59,A,Y1P13,8,99,2019-2020,1
id59,A,Y1P14,37,70,NA,0
id59,B,Y2P01,44,60,NA,0
id59,B,Y2P02,4,7,2020-2021,2
id59,B,Y2P03,131,464,2020-2021,2
id59,B,Y2P04,92,247,2020-2021,2
id59,B,Y2P05,111,300,2020-2021,2
id59,B,Y2P06,94,222,2020-2021,2
id59,B,Y2P08,3,6,NA,0
id59,B,Y2P09,7,92,2020-2021,2
id59,B,Y2P10,54,543,2020-2021,3
id59,B,Y2P11,168,1704,2020-2021,2
id59,B,Y2P13,110,2577,2020-2021,2
id59,B,Y2P14,200,481,2020-2021,1
id60,A,Y1P11,68,119,2019-2020,2
id60,A,Y1P12,89,876,2019-2020,1
id60,A,Y1P13,60,330,2019-2020,1
id60,B,Y2P03,238,415,2020-2021,2
id60,B,Y2P04,181,508,2020-2021,2
id60,B,Y2P05,402,1497,2020-2021,2
id60,B,Y2P06,41,69,2020-2021,2
id60,B,Y2P07,2,4,NA,0
id60,B,Y2P09,29,40,2020-2021,2
id60,B,Y2P10,79,234,2020-2021,3
id60,B,Y2P11,129,349,2020-2021,2
id60,B,Y2P12,76,152,NA,0
id60,B,Y2P13,360,625,2020-2021,2
id61,B,Y1P11,134,534,2019-2020,2
id61,B,Y1P13,269,697,2019-2020,1
id61,B,Y1P17,191,634,NA,0
id61,B,Y2P03,46,143,2020-2021,2
id61,B,Y2P07,330,549,NA,0
id61,B,Y2P15,486,5690,NA,0
id62,A,Y1P11,55,97,2019-2020,2
id62,A,Y1P12,60,170,2019-2020,1
id62,A,Y1P13,90,310,2019-2020,1
id62,A,Y1P14,50,221,NA,0
id62,B,Y2P03,53,136,2020-2021,2
id62,B,Y2P05,51,61,2020-2021,2
id62,B,Y2P07,14,26,NA,0
id62,B,Y2P08,100,242,NA,0
id62,B,Y2P10,8,12,2020-2021,3
id62,B,Y2P13,231,491,2020-2021,2
id62,B,Y2P15,31,66,NA,0
id63,A,Y1P11,64,135,2019-2020,2
id63,A,Y1P12,22,40,2019-2020,1
id63,A,Y1P13,22,44,2019-2020,1
id63,B,Y2P03,103,205,2020-2021,2
id63,B,Y2P04,283,475,2020-2021,2
id63,B,Y2P06,309,537,2020-2021,2
id63,B,Y2P07,92,327,NA,0
id63,B,Y2P09,7,11,2020-2021,2
id63,B,Y2P10,41,71,2020-2021,3
id63,B,Y2P11,56,129,2020-2021,2
id63,B,Y2P13,223,498,2020-2021,2
id63,B,Y2P14,1,2,2020-2021,1
id63,B,Y2P15,5,10,NA,0
id64,A,Y2P02,46,46,2020-2021,2
id64,A,Y2P03,83,161,2020-2021,2
id64,A,Y2P04,78,137,2020-2021,2
id64,A,Y2P05,103,146,2020-2021,2
id64,A,Y2P06,79,124,2020-2021,2
id64,A,Y2P07,65,108,NA,0
id64,B,Y2P05,211,425,2020-2021,2
id64,B,Y2P06,1,2,2020-2021,2
id64,B,Y2P07,184,262,NA,0
id65,A,Y2P02,31,42,2020-2021,2
id65,A,Y2P03,142,173,2020-2021,2
id65,A,Y2P04,75,121,2020-2021,2
id65,A,Y2P05,105,207,2020-2021,2
id65,A,Y2P06,93,186,2020-2021,2
id65,A,Y2P07,120,149,NA,0
id65,A,Y2P10,103,132,2020-2021,3
id65,A,Y2P11,37,50,2020-2021,2
id65,A,Y2P12,49,77,NA,0
id65,A,Y2P13,161,241,2020-2021,2
id65,A,Y2P14,365,516,2020-2021,1
id65,A,Y2P15,130,324,NA,0
id65,B,Y2P05,147,361,2020-2021,2
id65,B,Y2P06,10,13,2020-2021,2
id65,B,Y2P07,200,249,NA,0
id65,B,Y2P09,50,92,2020-2021,2
id65,B,Y2P10,266,1077,2020-2021,3
id65,B,Y2P11,69,389,2020-2021,2
id65,B,Y2P13,157,739,2020-2021,2
id65,B,Y2P15,197,272,NA,0
id67,A,Y1P11,78,141,2019-2020,2
id67,A,Y1P12,38,77,2019-2020,1
id67,A,Y1P13,7,44,2019-2020,1
id67,A,Y1P14,48,182,NA,0
id67,B,Y2P01,40,52,NA,0
id67,B,Y2P02,7,9,2020-2021,2
id67,B,Y2P03,50,141,2020-2021,2
id67,B,Y2P07,114,177,NA,0
id67,B,Y2P08,66,111,NA,0
id67,B,Y2P13,35,37,2020-2021,2
id67,B,Y2P14,26,35,2020-2021,1
id67,B,Y2P15,189,269,NA,0
id68,B,Y1P13,82,398,2019-2020,1
id69,A,Y1P11,41,62,2019-2020,2
id69,A,Y1P12,54,75,2019-2020,1
id69,A,Y1P13,54,77,2019-2020,1
id69,A,Y1P14,118,559,NA,0
id69,B,Y2P03,116,229,2020-2021,2
id69,B,Y2P05,37,50,2020-2021,2
id69,B,Y2P06,124,184,2020-2021,2
id69,B,Y2P07,82,123,NA,0
id69,B,Y2P08,60,113,NA,0
id71,A,Y2P02,63,71,2020-2021,2
id71,A,Y2P03,56,115,2020-2021,2
id71,A,Y2P04,75,128,2020-2021,2
id71,A,Y2P05,107,142,2020-2021,2
id71,A,Y2P06,46,59,2020-2021,2
id71,A,Y2P07,134,310,NA,0
id71,A,Y2P10,21,63,2020-2021,3
id71,A,Y2P11,19,38,2020-2021,2
id71,A,Y2P12,30,41,NA,0
id71,A,Y2P13,73,86,2020-2021,2
id71,A,Y2P14,131,174,2020-2021,1
id71,A,Y2P15,122,127,NA,0
id71,B,Y2P05,149,329,2020-2021,2
id71,B,Y2P06,5,10,2020-2021,2
id71,B,Y2P07,187,212,NA,0
id71,B,Y2P08,115,253,NA,0
id71,B,Y2P09,72,89,2020-2021,2
id71,B,Y2P10,60,177,2020-2021,3
id71,B,Y2P11,63,121,2020-2021,2
id71,B,Y2P13,58,160,2020-2021,2
id71,B,Y2P15,129,146,NA,0
id72,A,Y2P01,61,72,NA,0
id72,A,Y2P02,4,4,2020-2021,2
id72,A,Y2P03,60,106,2020-2021,2
id72,A,Y2P04,196,247,2020-2021,2
id72,A,Y2P05,126,159,2020-2021,2
id72,A,Y2P06,103,215,2020-2021,2
id72,A,Y2P07,106,177,NA,0
id72,A,Y2P10,156,284,2020-2021,3
id72,A,Y2P11,230,569,2020-2021,2
id72,A,Y2P12,24,56,NA,0
id72,A,Y2P13,132,406,2020-2021,2
id72,A,Y2P14,5,96,2020-2021,1
id72,A,Y2P15,187,401,NA,0
id72,B,Y2P03,96,129,2020-2021,2
id72,B,Y2P06,172,251,2020-2021,2
id72,B,Y2P07,239,460,NA,0
id72,B,Y2P08,256,625,NA,0
id72,B,Y2P09,92,340,2020-2021,2
id72,B,Y2P10,56,183,2020-2021,3
id72,B,Y2P11,136,248,2020-2021,2
id72,B,Y2P13,88,205,2020-2021,2
id72,B,Y2P14,74,124,2020-2021,1
id72,B,Y2P15,2,4,NA,0
id75,B,Y1P11,74,421,2019-2020,2
id75,B,Y1P12,58,151,2019-2020,1
id75,B,Y1P13,291,1198,2019-2020,1
id75,B,Y1P14,206,537,NA,0
id76,A,Y2P02,56,74,2020-2021,2
id76,A,Y2P04,29,35,2020-2021,2
id77,A,Y2P02,59,72,2020-2021,2
id77,A,Y2P03,103,141,2020-2021,2
id77,A,Y2P04,61,79,2020-2021,2
id77,A,Y2P05,112,165,2020-2021,2
id77,A,Y2P06,157,443,2020-2021,2
id77,A,Y2P07,114,375,NA,0
id77,A,Y2P10,42,128,2020-2021,3
id77,A,Y2P11,97,145,2020-2021,2
id77,A,Y2P12,115,159,NA,0
id77,A,Y2P13,63,95,2020-2021,2
id77,A,Y2P14,141,212,2020-2021,1
id77,A,Y2P15,278,394,NA,0
id77,B,Y2P05,7,10,2020-2021,2
id77,B,Y2P06,116,241,2020-2021,2
id77,B,Y2P07,185,349,NA,0
id77,B,Y2P08,222,546,NA,0
id77,B,Y2P09,63,95,2020-2021,2
id77,B,Y2P10,8,9,2020-2021,3
id77,B,Y2P11,197,374,2020-2021,2
id77,B,Y2P13,7,17,2020-2021,2
id77,B,Y2P14,139,368,2020-2021,1
id77,B,Y2P15,10,14,NA,0
id79,A,Y2P02,60,74,2020-2021,2
id79,A,Y2P04,18,25,2020-2021,2
id80,A,Y2P02,58,79,2020-2021,2
id80,A,Y2P03,32,77,2020-2021,2
id80,A,Y2P04,36,46,2020-2021,2
id80,A,Y2P05,70,85,2020-2021,2
id80,A,Y2P06,100,129,2020-2021,2
id80,A,Y2P07,114,298,NA,0
id80,A,Y2P08,6,6,NA,0
id80,A,Y2P10,30,46,2020-2021,3
id80,A,Y2P11,2,23,2020-2021,2
id80,A,Y2P15,304,797,NA,0
id81,A,Y2P02,56,69,2020-2021,2
id81,A,Y2P03,16,80,2020-2021,2
id81,A,Y2P04,107,150,2020-2021,2
id81,A,Y2P05,35,45,2020-2021,2
id81,A,Y2P07,75,133,NA,0
id81,A,Y2P08,30,44,NA,0
id81,A,Y2P11,129,169,2020-2021,2
id81,A,Y2P12,6,7,NA,0
id81,A,Y2P14,108,140,2020-2021,1
id81,A,Y2P15,158,273,NA,0
id82,A,Y2P02,42,59,2020-2021,2
id82,A,Y2P03,29,97,2020-2021,2
id82,A,Y2P04,77,104,2020-2021,2
id82,A,Y2P05,148,187,2020-2021,2
id82,A,Y2P06,68,99,2020-2021,2
id82,A,Y2P07,36,80,NA,0
id82,A,Y2P10,22,40,2020-2021,3
id82,A,Y2P11,17,34,2020-2021,2
id82,A,Y2P14,110,164,2020-2021,1
id82,A,Y2P15,87,223,NA,0
id83,A,Y2P02,34,43,2020-2021,2
id83,A,Y2P03,21,29,2020-2021,2
id83,A,Y2P04,47,121,2020-2021,2
id83,A,Y2P05,34,62,2020-2021,2
id83,A,Y2P06,64,84,2020-2021,2
id83,A,Y2P07,68,251,NA,0
id83,A,Y2P08,6,14,NA,0
id83,A,Y2P15,149,368,NA,0
id84,A,Y2P02,40,47,2020-2021,2
id84,A,Y2P03,44,85,2020-2021,2
id84,A,Y2P04,48,56,2020-2021,2
id84,A,Y2P05,227,390,2020-2021,2
id84,A,Y2P06,49,63,2020-2021,2
id84,A,Y2P07,108,191,NA,0
id84,A,Y2P11,24,26,2020-2021,2
id84,A,Y2P13,81,104,2020-2021,2
id84,A,Y2P14,164,308,2020-2021,1
id84,A,Y2P15,278,1217,NA,0
id86,A,Y2P02,74,105,2020-2021,2
id86,A,Y2P03,41,108,2020-2021,2
id86,A,Y2P04,92,125,2020-2021,2
id86,A,Y2P05,202,288,2020-2021,2
id86,A,Y2P06,22,192,2020-2021,2
id86,A,Y2P07,54,274,NA,0
id86,A,Y2P09,1,1,2020-2021,2
id86,A,Y2P10,76,193,2020-2021,3
id86,A,Y2P12,67,150,NA,0
id86,A,Y2P13,94,198,2020-2021,2
id86,A,Y2P14,294,444,2020-2021,1
id86,A,Y2P15,47,152,NA,0
id87,A,Y1P11,28,58,2019-2020,2
id87,A,Y2P02,52,72,2020-2021,2
id87,A,Y2P03,38,101,2020-2021,2
id87,A,Y2P04,104,157,2020-2021,2
id87,A,Y2P05,97,142,2020-2021,2
id87,A,Y2P06,93,169,2020-2021,2
id87,A,Y2P07,60,63,NA,0
id87,A,Y2P08,1,2,NA,0
id87,A,Y2P10,30,53,2020-2021,3
id87,A,Y2P11,7,8,2020-2021,2
id87,A,Y2P12,24,34,NA,0
id87,A,Y2P13,97,116,2020-2021,2
id87,A,Y2P14,15,21,2020-2021,1
id89,A,Y2P02,42,45,2020-2021,2
id89,A,Y2P03,53,85,2020-2021,2
id89,A,Y2P04,74,102,2020-2021,2
id89,A,Y2P05,116,177,2020-2021,2
id89,A,Y2P06,101,175,2020-2021,2
id89,A,Y2P07,49,280,NA,0
id89,A,Y2P10,281,470,2020-2021,3
id89,A,Y2P11,77,102,2020-2021,2
id89,A,Y2P12,111,239,NA,0
id89,A,Y2P13,4,56,2020-2021,2
id89,A,Y2P14,41,137,2020-2021,1
id89,A,Y2P15,100,560,NA,0
id90,A,Y2P02,8,22,2020-2021,2
id90,A,Y2P03,27,36,2020-2021,2
id90,A,Y2P04,69,162,2020-2021,2
id90,A,Y2P05,39,54,2020-2021,2
id90,A,Y2P06,95,183,2020-2021,2
id90,A,Y2P07,305,519,NA,0
id90,A,Y2P10,21,32,2020-2021,3
id90,A,Y2P11,5,29,2020-2021,2
id90,A,Y2P12,86,150,NA,0
id90,A,Y2P13,49,64,2020-2021,2
id90,A,Y2P14,25,29,2020-2021,1
id90,A,Y2P15,171,331,NA,0
id91,A,Y2P02,33,55,2020-2021,2
id91,A,Y2P03,48,95,2020-2021,2
id91,A,Y2P04,73,81,2020-2021,2
id91,A,Y2P05,171,225,2020-2021,2
id91,A,Y2P06,182,277,2020-2021,2
id91,A,Y2P07,53,130,NA,0
id91,A,Y2P08,3,7,NA,0
id91,A,Y2P10,129,203,2020-2021,3
id91,A,Y2P11,34,51,2020-2021,2
id91,A,Y2P12,52,82,NA,0
id91,A,Y2P13,34,57,2020-2021,2
id91,A,Y2P14,193,329,2020-2021,1
id91,A,Y2P15,347,526,NA,0
id92,A,Y2P02,43,79,2020-2021,2
id92,A,Y2P03,56,98,2020-2021,2
id92,A,Y2P04,84,135,2020-2021,2
id92,A,Y2P05,108,138,2020-2021,2
id92,A,Y2P06,53,58,2020-2021,2
id92,A,Y2P07,186,539,NA,0
id92,A,Y2P08,18,119,NA,0
id92,A,Y2P09,1,2,2020-2021,2
id92,A,Y2P11,15,24,2020-2021,2
id92,A,Y2P12,2,4,NA,0
id92,A,Y2P13,41,112,2020-2021,2
id92,A,Y2P14,18,28,2020-2021,1
id92,A,Y2P15,78,208,NA,0
id93,A,Y2P02,26,38,2020-2021,2
id94,A,Y2P03,104,192,2020-2021,2
id94,A,Y2P04,43,64,2020-2021,2
id94,A,Y2P05,66,77,2020-2021,2
id94,A,Y2P07,200,314,NA,0
id94,A,Y2P13,55,72,2020-2021,2
id94,A,Y2P15,50,220,NA,0
id95,A,Y2P02,34,38,2020-2021,2
id95,A,Y2P03,24,97,2020-2021,2
id95,A,Y2P04,64,93,2020-2021,2
id95,A,Y2P05,42,64,2020-2021,2
id95,A,Y2P06,70,101,2020-2021,2
id95,A,Y2P07,33,52,NA,0
id95,A,Y2P10,20,35,2020-2021,3
id95,A,Y2P11,25,35,2020-2021,2
id95,A,Y2P14,3,28,2020-2021,1
id95,A,Y2P15,46,52,NA,0
id96,A,Y2P03,63,163,2020-2021,2
id96,A,Y2P04,144,183,2020-2021,2
id96,A,Y2P05,146,209,2020-2021,2
id96,A,Y2P06,105,131,2020-2021,2
id96,A,Y2P07,194,333,NA,0
id96,A,Y2P10,54,72,2020-2021,3
id96,A,Y2P11,44,68,2020-2021,2
id96,A,Y2P12,38,49,NA,0
id96,A,Y2P13,33,44,2020-2021,2
id96,A,Y2P14,178,248,2020-2021,1
id96,A,Y2P15,628,1078,NA,0
id97,A,Y2P02,39,54,2020-2021,2
id97,A,Y2P03,29,107,2020-2021,2
id97,A,Y2P04,180,244,2020-2021,2
id97,A,Y2P05,269,327,2020-2021,2
id97,A,Y2P06,204,257,2020-2021,2
id97,A,Y2P07,2,4,NA,0
id97,A,Y2P08,18,21,NA,0
id97,A,Y2P10,277,334,2020-2021,3
id97,A,Y2P11,148,170,2020-2021,2
id97,A,Y2P12,87,108,NA,0
id97,A,Y2P13,32,44,2020-2021,2
id97,A,Y2P14,173,281,2020-2021,1
id98,A,Y2P02,31,33,2020-2021,2
id98,A,Y2P05,61,72,2020-2021,2
id98,A,Y2P07,129,161,NA,0
id98,A,Y2P10,39,64,2020-2021,3
id98,A,Y2P12,14,20,NA,0
id98,A,Y2P13,21,31,2020-2021,2
id98,A,Y2P14,15,22,2020-2021,1
id98,A,Y2P15,256,348,NA,0
id99,A,Y2P02,61,79,2020-2021,2
id99,A,Y2P03,32,111,2020-2021,2
id99,A,Y2P04,46,56,2020-2021,2
id99,A,Y2P05,169,197,2020-2021,2
id99,A,Y2P06,96,278,2020-2021,2
id99,A,Y2P07,1,4,NA,0
id99,A,Y2P10,69,127,2020-2021,3
id99,A,Y2P12,51,74,NA,0
id99,A,Y2P13,45,119,2020-2021,2
id99,A,Y2P14,93,159,2020-2021,1
id99,A,Y2P15,48,108,NA,0
